{
  "model_name": "baseline",
  "display_name": "Baseline (LogReg + Ridge)",
  "requires_scaling": true,
  "feature_cols": [
    "elo_diff_scaled",
    "net_efg_wma5",
    "net_tov_wma5",
    "net_orb_wma5",
    "net_ftr_wma5",
    "round_progress",
    "el_rest_days_diff"
  ],
  "metrics": {
    "n_train_samples": 969,
    "n_features": 7,
    "home_win_base_rate": 0.6357069143446853,
    "cv_accuracy": 0.6447204968944099,
    "brier_score": 0.22180990953177024,
    "log_loss": 0.6337920761734392,
    "margin_mae": 9.333321986194413,
    "margin_rmse": 12.05720869382761
  },
  "win_coefficients": {
    "elo_diff_scaled": 0.44369099958248864,
    "net_efg_wma5": 0.08090474553660203,
    "net_tov_wma5": -0.11417881159834416,
    "net_orb_wma5": 0.15314741228892456,
    "net_ftr_wma5": 0.051622411947881704,
    "round_progress": -0.001218875064585602,
    "el_rest_days_diff": 0.042687147119195384
  },
  "margin_coefficients": {
    "elo_diff_scaled": 2.3407301677646966,
    "net_efg_wma5": 0.525009563280936,
    "net_tov_wma5": -1.1230866088669593,
    "net_orb_wma5": 0.5654238755755492,
    "net_ftr_wma5": 0.6536145325207239,
    "round_progress": 0.07947792815773051,
    "el_rest_days_diff": -0.131482972215712
  }
}