{
  "model_name": "baseline",
  "display_name": "Baseline (LogReg + Ridge)",
  "requires_scaling": true,
  "feature_cols": [
    "elo_diff_scaled",
    "net_efg_wma5",
    "net_tov_wma5",
    "net_orb_wma5",
    "net_ftr_wma5",
    "round_progress",
    "el_rest_days_diff"
  ],
  "metrics": {
    "n_train_samples": 969,
    "n_features": 7,
    "home_win_base_rate": 0.6357069143446853,
    "cv_accuracy": 0.6447204968944099,
    "brier_score": 0.22180990953177024,
    "log_loss": 0.6337920761734392,
    "margin_mae": 9.337379864060477,
    "margin_rmse": 12.064566573856654
  },
  "win_coefficients": {
    "elo_diff_scaled": 0.44369099958248864,
    "net_efg_wma5": 0.08090474553660203,
    "net_tov_wma5": -0.11417881159834416,
    "net_orb_wma5": 0.15314741228892456,
    "net_ftr_wma5": 0.051622411947881704,
    "round_progress": -0.001218875064585602,
    "el_rest_days_diff": 0.042687147119195384
  },
  "margin_coefficients": {
    "elo_diff_scaled": 2.404684278683893,
    "net_efg_wma5": 0.5221690837172779,
    "net_tov_wma5": -1.143411460770201,
    "net_orb_wma5": 0.5764326052936551,
    "net_ftr_wma5": 0.6643178686000256,
    "round_progress": 0.07858986343355484,
    "el_rest_days_diff": -0.13194062345463423
  }
}