{
  "IST": 1420.7735849045578,
  "BAS": 1392.4833530462533,
  "RED": 1524.8307062103825,
  "DUB": 1510.8305282023782,
  "HTA": 1538.7076480764947,
  "PAN": 1563.2743948006614,
  "VIR": 1423.6308593849462,
  "ULK": 1637.8331064377323,
  "MCO": 1560.9540868260447,
  "ASV": 1355.44346337373,
  "MUN": 1459.2019613627106,
  "PAR": 1471.6764449672528,
  "MAD": 1598.4174516827698,
  "TEL": 1530.2913215150597,
  "PAM": 1552.5223130554057,
  "ZAL": 1520.8513448776275,
  "MIL": 1498.135425659512,
  "PRS": 1453.6165596971023,
  "OLY": 1606.9182761663901,
  "BAR": 1541.7853590174916
}