{
  "IST": 1445.5834752240285,
  "BAS": 1429.6726876576547,
  "RED": 1518.3770486063875,
  "DUB": 1520.6374103146593,
  "HTA": 1516.2722409344874,
  "PAN": 1558.3481208889248,
  "VIR": 1440.8955619270598,
  "ULK": 1654.4404061479388,
  "MCO": 1553.9866188318101,
  "ASV": 1371.4565551676446,
  "MUN": 1476.1090509057792,
  "PAR": 1433.8782468182994,
  "MAD": 1580.5596625540782,
  "TEL": 1496.9815672439788,
  "PAM": 1546.9009254507687,
  "ZAL": 1506.3131258633516,
  "MIL": 1491.944033098988,
  "PRS": 1447.2130490733614,
  "OLY": 1615.4556794149569,
  "BAR": 1557.1527231403456
}