{
  "possessions_per_game": 67.24016699551322,
  "margin_sigma_points": 12.505731308619126,
  "league_home_adv_points": 3.3776978417266186,
  "league_home_adv_net100": 5.023333511280548
}