{
  "possessions_per_game": 66.15147946435947,
  "margin_sigma_points": 12.552987417859848,
  "league_home_adv_points": 3.390909090909091,
  "league_home_adv_net100": 5.125976196399381
}