{
  "possessions_per_game": 67.49274554894996,
  "margin_sigma_points": 12.011015216774402,
  "league_home_adv_points": 3.3550295857988166,
  "league_home_adv_net100": 4.970948445660044
}