{
  "possessions_per_game": 65.9136942543928,
  "margin_sigma_points": 12.384420981310488,
  "league_home_adv_points": 3.972809667673716,
  "league_home_adv_net100": 6.027290250703783
}