{
  "possessions_per_game": 67.34199883429788,
  "margin_sigma_points": 12.068322965266082,
  "league_home_adv_points": 3.3483483483483485,
  "league_home_adv_net100": 4.97215468252927
}