{
  "feature_cols": [
    "elo_diff_scaled",
    "net_efg",
    "net_tov",
    "net_orb",
    "net_ftr",
    "round_progress"
  ],
  "metrics": {
    "n_train_samples": 993,
    "n_features": 6,
    "home_win_base_rate": 0.6354481369587109,
    "best_logreg_C": 0.1,
    "best_ridge_alpha": 50.0,
    "logreg_cv_accuracy": 0.650909090909091,
    "logreg_train_accuracy": 0.648539778449144,
    "logreg_brier": 0.2178068426618057,
    "logreg_logloss": 0.6245666925099779,
    "ridge_margin_mae": 9.164975386065025,
    "ridge_margin_rmse": 11.839243052020885
  },
  "logreg_coefficients": {
    "elo_diff_scaled": 0.47049804870686035,
    "net_efg": 0.055995135720999484,
    "net_tov": -0.15543383721917395,
    "net_orb": 0.06512555242396761,
    "net_ftr": 0.04706108034586602,
    "round_progress": -0.009019769405836684
  },
  "logreg_intercept": 0.5916630999531685,
  "ridge_coefficients": {
    "elo_diff_scaled": 2.782806281114197,
    "net_efg": 0.33773028390228,
    "net_tov": -1.1991532264342404,
    "net_orb": 0.30220189857521884,
    "net_ftr": 0.21874325709845305,
    "round_progress": -0.011658428021185526
  },
  "ridge_intercept": 3.5518630412890233
}