{
  "feature_cols": [
    "elo_diff_scaled",
    "net_efg_wma5",
    "net_tov_wma5",
    "net_orb_wma5",
    "net_ftr_wma5",
    "round_progress"
  ],
  "metrics": {
    "n_train_samples": 969,
    "n_features": 6,
    "home_win_base_rate": 0.6357069143446853,
    "best_logreg_C": 0.3,
    "best_ridge_alpha": 75.0,
    "logreg_cv_accuracy": 0.6397515527950312,
    "logreg_train_accuracy": 0.651186790505676,
    "logreg_brier": 0.21794295709033668,
    "logreg_logloss": 0.6253165685595596,
    "ridge_margin_mae": 9.190940500398138,
    "ridge_margin_rmse": 11.897430875604801
  },
  "logreg_coefficients": {
    "elo_diff_scaled": 0.4434059356895491,
    "net_efg_wma5": 0.08348197746807572,
    "net_tov_wma5": -0.11275077233042399,
    "net_orb_wma5": 0.14992222744853492,
    "net_ftr_wma5": 0.049168108348360065,
    "round_progress": 9.624697876859463e-05
  },
  "logreg_intercept": 0.5947830413463866,
  "ridge_coefficients": {
    "elo_diff_scaled": 2.4130629498058953,
    "net_efg_wma5": 0.5211947973890343,
    "net_tov_wma5": -1.1398423824400465,
    "net_orb_wma5": 0.5751209516873163,
    "net_ftr_wma5": 0.665740126014338,
    "round_progress": 0.079271902084859
  },
  "ridge_intercept": 3.5252837977296183
}