{
  "feature_cols": [
    "net_rtg_diff",
    "elo_diff_scaled",
    "off_matchup",
    "def_matchup",
    "win_pct_diff",
    "form_diff",
    "pace_diff",
    "home_off_rtg",
    "home_def_rtg",
    "home_win_pct",
    "elo_home",
    "away_off_rtg",
    "away_def_rtg",
    "away_win_pct",
    "elo_away",
    "round_progress"
  ],
  "metrics": {
    "n_train_samples": 994,
    "n_features": 16,
    "home_win_base_rate": 0.635814889336016,
    "logreg_cv_accuracy": 0.6398406172275519,
    "logreg_train_accuracy": 0.6498993963782697,
    "logreg_brier": 0.2174732482133578,
    "logreg_logloss": 0.623222073515723,
    "ridge_margin_mae": 9.226657507512519,
    "ridge_margin_rmse": 11.843975623353073
  },
  "logreg_coefficients": {
    "net_rtg_diff": 0.0932684730220121,
    "elo_diff_scaled": 0.27967162767335946,
    "off_matchup": 0.0173826785011222,
    "def_matchup": -0.046018393265131775,
    "win_pct_diff": -0.09156355681357167,
    "form_diff": 0.06072529101730481,
    "pace_diff": -0.00838091017529947,
    "home_off_rtg": 0.039125987342131296,
    "home_def_rtg": -0.007814363429167833,
    "home_win_pct": -0.018834338464806526,
    "elo_home": 0.1676957069480928,
    "away_off_rtg": -0.06575898278624207,
    "away_def_rtg": 0.018415308894186803,
    "away_win_pct": 0.10447693483313443,
    "elo_away": -0.22582271674032753,
    "round_progress": -0.006016271127577267
  },
  "logreg_intercept": 0.5958121723590376,
  "ridge_coefficients": {
    "net_rtg_diff": 0.5549903342057264,
    "elo_diff_scaled": 1.2278570477345339,
    "off_matchup": 0.3088954592678367,
    "def_matchup": 0.10402788283801308,
    "win_pct_diff": -0.17788476046959217,
    "form_diff": 0.7959190721122905,
    "pace_diff": -0.3375221092910638,
    "home_off_rtg": 0.23411969476872138,
    "home_def_rtg": -0.40775019663927264,
    "home_win_pct": 0.07612752534756154,
    "elo_home": 0.7390738467151367,
    "away_off_rtg": -0.277468808100678,
    "away_def_rtg": -0.13588518887323764,
    "away_win_pct": 0.31578515712289995,
    "elo_away": -0.9885765375833504,
    "round_progress": -0.0544519680463785
  },
  "ridge_intercept": 3.5704225352112675
}