{
  "feature_cols": [
    "net_rtg_diff",
    "elo_diff_scaled",
    "off_matchup",
    "def_matchup",
    "win_pct_diff",
    "form_diff",
    "pace_diff",
    "efg_diff",
    "tov_pct_diff",
    "orb_pct_diff",
    "ft_rate_diff",
    "home_off_rtg",
    "home_def_rtg",
    "home_win_pct",
    "elo_home",
    "away_off_rtg",
    "away_def_rtg",
    "away_win_pct",
    "elo_away",
    "round_progress"
  ],
  "metrics": {
    "n_train_samples": 939,
    "n_features": 20,
    "home_win_base_rate": 0.6325878594249201,
    "rf_cv_accuracy": 0.6368301285698031,
    "nn_cv_accuracy": 0.6443110706565024,
    "rf_train_accuracy": 0.7529286474973376,
    "nn_train_accuracy": 0.6389776357827476,
    "ensemble_train_accuracy": 0.7060702875399361,
    "rf_brier": 0.16905448460590614,
    "nn_brier": 0.22440309196548403,
    "ensemble_brier": 0.19351084072322028,
    "rf_logloss": 0.5154910753783588,
    "nn_logloss": 0.6392967070343035,
    "ensemble_logloss": 0.571766991719033,
    "rf_margin_mae": 7.824218106478506,
    "nn_margin_mae": 9.457028990707187,
    "ensemble_margin_mae": 8.59402115213527,
    "rf_margin_rmse": 9.994383330987707,
    "nn_margin_rmse": 12.104650404350018,
    "ensemble_margin_rmse": 10.976373769392234
  },
  "feature_importances": {
    "net_rtg_diff": 0.07851848214964234,
    "elo_diff_scaled": 0.08430106137348692,
    "off_matchup": 0.05395245819520756,
    "def_matchup": 0.04681997928883661,
    "win_pct_diff": 0.06758040817482769,
    "form_diff": 0.09433520144230778,
    "pace_diff": 0.04951957560666926,
    "efg_diff": 0.0,
    "tov_pct_diff": 0.0,
    "orb_pct_diff": 0.0,
    "ft_rate_diff": 0.0,
    "home_off_rtg": 0.06045141934425963,
    "home_def_rtg": 0.04388849715953109,
    "home_win_pct": 0.048386107847891845,
    "elo_home": 0.07356165894389126,
    "away_off_rtg": 0.0477657461699915,
    "away_def_rtg": 0.054045326489888794,
    "away_win_pct": 0.06436326416729707,
    "elo_away": 0.09633750193286368,
    "round_progress": 0.036173311713406986
  }
}