{
  "feature_cols": [
    "net_rtg_diff",
    "elo_diff_scaled",
    "off_matchup",
    "def_matchup",
    "win_pct_diff",
    "form_diff",
    "pace_diff",
    "home_off_efg_matchup",
    "home_off_tov_matchup",
    "home_off_orb_matchup",
    "home_off_ftr_matchup",
    "away_off_efg_matchup",
    "away_off_tov_matchup",
    "away_off_orb_matchup",
    "away_off_ftr_matchup",
    "home_off_rtg",
    "home_def_rtg",
    "home_win_pct",
    "elo_home",
    "away_off_rtg",
    "away_def_rtg",
    "away_win_pct",
    "elo_away",
    "round_progress"
  ],
  "metrics": {
    "n_train_samples": 994,
    "n_features": 24,
    "home_win_base_rate": 0.635814889336016,
    "logreg_cv_accuracy": 0.6315151515151516,
    "logreg_train_accuracy": 0.6488933601609658,
    "logreg_brier": 0.21589987997024787,
    "logreg_logloss": 0.6191979003831711,
    "ridge_margin_mae": 9.18362651615352,
    "ridge_margin_rmse": 11.767482576397837
  },
  "logreg_coefficients": {
    "net_rtg_diff": 0.08516011599782186,
    "elo_diff_scaled": 0.269014730165561,
    "off_matchup": 0.0032019719962706984,
    "def_matchup": -0.03535405266536923,
    "win_pct_diff": -0.09326408615738616,
    "form_diff": 0.06292688577235815,
    "pace_diff": 0.0011907931522076325,
    "home_off_efg_matchup": 0.034929337843103946,
    "home_off_tov_matchup": -0.026413002846679818,
    "home_off_orb_matchup": -0.032240928889438435,
    "home_off_ftr_matchup": 0.06391273390717342,
    "away_off_efg_matchup": -0.01988935430045141,
    "away_off_tov_matchup": 0.14123162681093288,
    "away_off_orb_matchup": -0.12795730934387817,
    "away_off_ftr_matchup": 0.004148915150779085,
    "home_off_rtg": 0.055821729159707636,
    "home_def_rtg": 0.01686237506990997,
    "home_win_pct": -0.02669116122930528,
    "elo_home": 0.15948448561878975,
    "away_off_rtg": -0.02761613161484128,
    "away_def_rtg": 0.05221438168069038,
    "away_win_pct": 0.09890392927474252,
    "elo_away": -0.2190609316667726,
    "round_progress": -0.01952820458570662
  },
  "logreg_intercept": 0.6012717744652758,
  "ridge_coefficients": {
    "net_rtg_diff": 0.477377672705071,
    "elo_diff_scaled": 1.1095289777512425,
    "off_matchup": 0.15747602987832188,
    "def_matchup": 0.27439766069865695,
    "win_pct_diff": -0.13615158456282575,
    "form_diff": 0.7895176332745372,
    "pace_diff": -0.36779641525229323,
    "home_off_efg_matchup": 0.3145730150587644,
    "home_off_tov_matchup": -0.3548847343887523,
    "home_off_orb_matchup": -0.2601205016410208,
    "home_off_ftr_matchup": 0.4284239166700897,
    "away_off_efg_matchup": -0.49374250042378326,
    "away_off_tov_matchup": 1.1774489864600883,
    "away_off_orb_matchup": -0.5256252302238889,
    "away_off_ftr_matchup": 0.0033490191007692614,
    "home_off_rtg": 0.2515322240767144,
    "home_def_rtg": -0.34993901718264886,
    "home_win_pct": 0.15664042595840116,
    "elo_home": 0.6706363916323815,
    "away_off_rtg": -0.005086482616640416,
    "away_def_rtg": 0.0634669843797772,
    "away_win_pct": 0.34015548465513734,
    "elo_away": -0.890487341291233,
    "round_progress": -0.12436628894556585
  },
  "ridge_intercept": 3.570422535211267
}