{
  "feature_cols": [
    "elo_diff_scaled",
    "net_efg_wma5",
    "net_tov_wma5",
    "net_orb_wma5",
    "net_ftr_wma5",
    "round_progress",
    "el_rest_days_diff"
  ],
  "metrics": {
    "n_train_samples": 969,
    "n_features": 7,
    "home_win_base_rate": 0.6357069143446853,
    "best_logreg_C": 0.3,
    "best_ridge_alpha": 75.0,
    "logreg_cv_accuracy": 0.6422360248447205,
    "logreg_train_accuracy": 0.6553147574819401,
    "logreg_brier": 0.21795169109213303,
    "logreg_logloss": 0.6254712280556985,
    "ridge_margin_mae": 9.191204750000816,
    "ridge_margin_rmse": 11.896692332627499
  },
  "logreg_coefficients": {
    "elo_diff_scaled": 0.44670853339229505,
    "net_efg_wma5": 0.08269780028739387,
    "net_tov_wma5": -0.11164451982090669,
    "net_orb_wma5": 0.14965543690897762,
    "net_ftr_wma5": 0.049763543170064393,
    "round_progress": 0.0003940227777040271,
    "el_rest_days_diff": 0.039973732369068676
  },
  "logreg_intercept": 0.5949931900751418,
  "ridge_coefficients": {
    "elo_diff_scaled": 2.404684278683893,
    "net_efg_wma5": 0.5221690837172779,
    "net_tov_wma5": -1.143411460770201,
    "net_orb_wma5": 0.5764326052936551,
    "net_ftr_wma5": 0.6643178686000256,
    "round_progress": 0.07858986343355484,
    "el_rest_days_diff": -0.13194062345463423
  },
  "ridge_intercept": 3.5252837977296183
}