{
  "feature_cols": [
    "elo_diff_scaled",
    "net_efg",
    "net_tov",
    "net_orb",
    "net_ftr",
    "round_progress",
    "net_form_wma5"
  ],
  "metrics": {
    "n_train_samples": 857,
    "n_features": 7,
    "home_win_base_rate": 0.6382730455075846,
    "best_logreg_C": 10.0,
    "best_ridge_alpha": 50.0,
    "logreg_cv_accuracy": 0.6450704225352113,
    "logreg_train_accuracy": 0.6581096849474912,
    "logreg_brier": 0.21535599953143186,
    "logreg_logloss": 0.619293755445558,
    "ridge_margin_mae": 9.132336530138357,
    "ridge_margin_rmse": 11.86028481195676
  },
  "logreg_coefficients": {
    "elo_diff_scaled": 0.4400477454350083,
    "net_efg": 0.06447188253204425,
    "net_tov": -0.21162796504401754,
    "net_orb": 0.05934934404502069,
    "net_ftr": 0.03976880023080938,
    "round_progress": -0.023551024592861923,
    "net_form_wma5": 0.10502949560301224
  },
  "logreg_intercept": 0.6154559748735103,
  "ridge_coefficients": {
    "elo_diff_scaled": 2.20178861455635,
    "net_efg": 0.5381216154847112,
    "net_tov": -1.4582493572486666,
    "net_orb": 0.5058913225283763,
    "net_ftr": 0.27309796264292796,
    "round_progress": -0.1474673942992323,
    "net_form_wma5": 0.9180561539395927
  },
  "ridge_intercept": 3.6779463243873978
}